INSERT INTO `asignaturas` (`IDASIGNATURA`, `CODIGO`, `NOMBRE`) VALUES (1, 'AB1', 'Calculo II')
INSERT INTO `asignaturas` (`IDASIGNATURA`, `CODIGO`, `NOMBRE`) VALUES (2, 'AB2', 'Calculo 3')
INSERT INTO `asignaturas` (`IDASIGNATURA`, `CODIGO`, `NOMBRE`) VALUES (3, 'AZ5', 'Algebra lineal')

INSERT INTO `cursos` (`IDCURSO`, `IDASIGNATURA`, `PERIODO`, `GRUPO`) VALUES (1, 1, '2022-1', 'A')
INSERT INTO `cursos` (`IDCURSO`, `IDASIGNATURA`, `PERIODO`, `GRUPO`) VALUES (2, 1, '2022-1', 'B')
INSERT INTO `cursos` (`IDCURSO`, `IDASIGNATURA`, `PERIODO`, `GRUPO`) VALUES (3, 2, '2022-2', 'B')
INSERT INTO `cursos` (`IDCURSO`, `IDASIGNATURA`, `PERIODO`, `GRUPO`) VALUES (4, 2, '2022-2', 'C')
INSERT INTO `cursos` (`IDCURSO`, `IDASIGNATURA`, `PERIODO`, `GRUPO`) VALUES (5, 3, '2023-1', 'A')
INSERT INTO `cursos` (`IDCURSO`, `IDASIGNATURA`, `PERIODO`, `GRUPO`) VALUES (6, 3, '2023-1', 'B')

INSERT INTO `estudiantes` (`CODIGO`, `TIPOIDENTIFICACION`, `NUMEROIDENTIFICACION`, `NOMBRES`, `APELLIDOS`) VALUES (1, 'CC', '9784554', 'Daniel', 'Tulande')
INSERT INTO `estudiantes` (`CODIGO`, `TIPOIDENTIFICACION`, `NUMEROIDENTIFICACION`, `NOMBRES`, `APELLIDOS`) VALUES  (2, 'CC', '9784554', 'Juan', 'Ortiz')
INSERT INTO `estudiantes` (`CODIGO`, `TIPOIDENTIFICACION`, `NUMEROIDENTIFICACION`, `NOMBRES`, `APELLIDOS`) VALUES  (3, 'CC', '45645', 'Valentina', 'Torres')
INSERT INTO `estudiantes` (`CODIGO`, `TIPOIDENTIFICACION`, `NUMEROIDENTIFICACION`, `NOMBRES`, `APELLIDOS`) VALUES  (4, 'CC', '31412232', 'Juliana', 'Cardona')
INSERT INTO `estudiantes` (`CODIGO`, `TIPOIDENTIFICACION`, `NUMEROIDENTIFICACION`, `NOMBRES`, `APELLIDOS`) VALUES  (5, 'CC', '31412232', 'Camila', 'Gutierrez')

INSERT INTO `direcciones` (`IDDIRECCION`, `CODIGO`, `DIRECCIONRESIDENCIA`, `CIUDAD`, `PAIS`) VALUES (1, 1, 'cr: 20 #12-31', 'Popayan', 'Colombia')
INSERT INTO `direcciones` (`IDDIRECCION`, `CODIGO`, `DIRECCIONRESIDENCIA`, `CIUDAD`, `PAIS`) VALUES (2, 2, 'cr: 60 #15-64', 'Popayan', 'Colombia')
INSERT INTO `direcciones` (`IDDIRECCION`, `CODIGO`, `DIRECCIONRESIDENCIA`, `CIUDAD`, `PAIS`) VALUES (3, 3, 'cll: 15 #11-22', 'Cali', 'Colombia')
INSERT INTO `direcciones` (`IDDIRECCION`, `CODIGO`, `DIRECCIONRESIDENCIA`, `CIUDAD`, `PAIS`) VALUES (4, 4, 'cr: 35 #56-12', 'Popayan', 'Colombia')
INSERT INTO `direcciones` (`IDDIRECCION`, `CODIGO`, `DIRECCIONRESIDENCIA`, `CIUDAD`, `PAIS`) VALUES (5, 5, 'cr: 90 #14-23', 'Cali', 'Colombia')

INSERT INTO `estudiantes_cursos` (`IDCURSO`, `CODIGO`) VALUES (2, 3)
INSERT INTO `estudiantes_cursos` (`IDCURSO`, `CODIGO`) VALUES (1, 1)
INSERT INTO `estudiantes_cursos` (`IDCURSO`, `CODIGO`) VALUES (3, 1)
INSERT INTO `estudiantes_cursos` (`IDCURSO`, `CODIGO`) VALUES (5, 1)
INSERT INTO `estudiantes_cursos` (`IDCURSO`, `CODIGO`) VALUES (4, 1)
